Case,Total Power (kWh),Total Losses (kWh),Total Losses (%),Percentual Difference (%),Notes
1,199999.60177486803,8598.138662657722,4.299077891333164,-,PF=0.92 (Base Case)
2,199999.48582687773,8791.945271454792,4.395983937211327,2.2541123545010366,Pmult and Qmult
3,199999.40940546605,8834.824684610729,4.417425386841802,2.7528576708792274,Harmonic - %SeriesRL=50
4,199999.58173642855,9032.953390986355,4.516486140901296,5.0570902659480055,Pmult and Qmult + Harmonic - %SeriesRL=50
